<?xml version="1.0" encoding="UTF-8"?>
<!-- 
	@gt > 
	@lt < 
	@lteq <= 
	@gteq >= 
	@or || 
	@and && 
	@bitwise_and & 
	@bitwise_or | 
	@left_shift << 
	@right_shift >> 
	@right_unsigned_shift >>> 
	@and_assign &= 
	@or_assign |= 
	@left_shift_assign <<= 
	@right_shift_assign >>= 
	@right_unsigned_shift_assign >>>= 
	
	$Powered By vRules4j-Digester Automatically On Tue Feb 21 14:49:13 CST 2012$
	Visit http://sourceforge.net/projects/vrules/ to download the latest version
	
	Author: jordan.xue
-->
<vRules4j>
	<globalConfig>
		<decisionMode>false</decisionMode>
		<returnErrorId>false</returnErrorId>
		<displayErrorValue>false</displayErrorValue>
		<toggleBreakpoint>off</toggleBreakpoint>
		<includes />
	</globalConfig>
	<imports>
		com.unibeta.cloudtest.config.CloudTestContext;
	</imports>
	<javaBody />
	<contexts>
		<context className="java.lang.String" name="String" />
	</contexts>
	<decisionConstants>
		<definition name="" value="" />
	</decisionConstants>
	<object id="ConfigurationProxy_getCLOUDTEST_HOME" desc="ConfigurationProxy_getCLOUDTEST_HOME service">
		<className>com.unibeta.cloudtest.assertion.CloudTestAssert</className>
		<nillable>false</nillable>
		<rules>
			<rule id="assertRule1" sequence="1" breakpoint="off" depends="" desc="" >
				<outputBool>out</outputBool>
				<predicate>
				if(String !=null){
				out = true;
				}else{
				out = false;
				}
				</predicate>
				<decisionObject>
					<assertResult>
						<caseId>ConfigurationProxy_getCLOUDTEST_HOME</caseId>
						<errorMessage>
							ConfigurationProxy_getCLOUDTEST_HOME is failed.
						</errorMessage>
						<ownerMails></ownerMails>
					</assertResult>
				</decisionObject>
			</rule>
		</rules>
	</object>
</vRules4j>
