<!-- 
All below java types will be treated as basic data type, which can be transfered in plain xml.
User can add more to this list definition as demanded.
-->
<list>
  <string>char</string>
  <string>boolean</string>
  <string>java.lang.Character</string>
  <string>java.lang.Boolean</string>
  <string>java.lang.String</string>
  <string>java.lang.StringBuffer</string>
  <string>java.util.Date</string>
  <string>java.sql.Date</string>
  <string>int</string>
  <string>long</string>
  <string>byte</string>
  <string>short</string>
  <string>float</string>
  <string>double</string>
  <string>java.lang.Long</string>
  <string>java.lang.Integer</string>
  <string>java.lang.Double</string>
  <string>java.lang.Float</string>
  <string>java.lang.Short</string>
  <string>java.lang.Byte</string>
  <string>java.math.BigDecimal</string>
</list>
